,batter_id,height,weight,age,position,bats,throws
0,592450,"6' 7""",282,26,RF,R,R
1,519317,"6' 6""",245,28,LF,R,R
2,471865,"6' 1""",220,32,RF,L,L
3,443558,"6' 2""",230,38,DH,R,R
4,121347,"6' 3""",230,43,SS,R,R
5,608336,"6' 5""",235,24,LF,L,R
6,547180,"6' 3""",220,25,RF,L,R
7,573627,"6' 5""",290,28,DH,S,R
8,541645,"6' 4""",240,27,RF,R,R
9,543807,"6' 3""",215,29,CF,R,R
10,444432,"6' 4""",225,32,DH,R,R
11,434778,"6' 1""",225,35,DH,S,R
12,641820,"6' 4""",215,26,LF,R,R
13,476883,"6' 3""",250,31,3B,L,R
14,444482,"6' 1""",210,31,LF,L,L
15,596142,"6' 2""",230,25,C,R,R
16,624424,"6' 1""",215,25,CF,L,R
17,542979,"6' 3""",195,28,CF,R,R
18,570731,"6' 1""",225,26,2B,R,R
19,592518,"6' 3""",185,26,SS,R,R
20,518692,"6' 5""",220,29,1B,L,R
21,434670,"6' 2""",235,34,1B,R,R
22,457708,"6' 2""",205,31,LF,R,R
23,545361,"6' 2""",235,27,CF,R,R
24,656941,"6' 0""",235,25,LF,L,R
25,595751,"6' 2""",225,25,C,R,R
26,624585,"6' 4""",230,26,RF,R,R
27,593934,"6' 4""",260,25,3B,R,R
28,571506,"6' 3""",265,30,1B,L,R
29,446263,"6' 4""",255,32,1B,L,R
30,542303,"6' 1""",225,27,LF,R,R
31,467055,"5' 11""",268,32,3B,S,R
32,519306,"6' 4""",225,29,RF,R,R
33,543068,"6' 4""",235,28,1B,R,R
34,408234,"6' 4""",249,35,1B,R,R
35,407812,"6' 4""",240,38,LF,R,R
36,474892,"6' 4""",245,31,1B,R,R
37,543768,"6' 4""",230,28,3B,L,R
38,592669,"6' 1""",220,26,RF,R,R
39,570267,"6' 5""",220,26,RF,R,R
40,502110,"6' 3""",220,31,LF,R,R
41,575929,"6' 1""",210,26,C,R,R
42,452095,"6' 4""",260,32,C,R,R
43,621043,"6' 4""",215,24,SS,R,R
44,518626,"6' 1""",210,32,3B,R,R
45,452254,"6' 4""",230,35,LF,R,R
46,547989,"6' 3""",255,31,1B,R,R
47,571976,"6' 3""",205,27,LF,R,R
48,501981,"5' 10""",195,30,LF,R,R
49,448801,"6' 3""",230,32,1B,L,R
50,519048,"6' 2""",230,33,1B,L,L
51,623182,"6' 2""",223,28,RF,R,R
52,592178,"6' 5""",230,26,3B,R,R
53,543333,"6' 4""",225,28,1B,L,L
54,460075,"6' 2""",205,34,LF,R,R
55,430832,"6' 0""",205,37,RF,R,R
56,493316,"5' 10""",220,32,LF,R,R
57,502143,"6' 2""",210,34,3B,R,R
58,429665,"6' 1""",230,35,DH,R,R
59,641355,"6' 4""",210,23,1B,L,L
60,452252,"6' 2""",195,35,1B,L,L
61,120074,"6' 3""",230,42,DH,L,L
62,435622,"6' 3""",215,33,1B,R,R
63,592387,"6' 5""",225,26,1B,R,R
64,614173,"6' 3""",175,24,LF,L,R
65,593528,"6' 1""",225,25,RF,R,R
66,571602,"6' 3""",230,27,DH,R,R
67,448602,"6' 2""",220,35,1B,R,R
68,489149,"6' 3""",245,31,1B,L,L
69,595879,"6' 0""",190,25,2B,R,R
70,150029,"6' 5""",235,39,OF,R,R
71,518516,"6' 4""",242,29,P,R,L
72,429664,"6' 0""",210,35,2B,L,R
73,461235,"6' 1""",210,35,DH,L,R
74,543543,"6' 2""",215,28,2B,L,R
75,592885,"6' 3""",195,26,LF,L,R
76,453400,"6' 3""",225,34,1B,R,R
77,502671,"6' 3""",225,31,1B,R,R
78,285078,"6' 4""",240,37,CF,L,L
79,608369,"6' 4""",220,24,SS,L,R
80,605548,"6' 5""",220,25,CF,L,R
81,630111,"6' 2""",250,27,LF,R,R
82,572287,"6' 2""",220,27,C,R,R
83,592626,"6' 1""",220,26,LF,L,L
84,430945,"6' 2""",215,33,CF,R,R
85,455104,"6' 0""",230,35,C,R,R
86,596019,"5' 11""",190,24,SS,S,R
87,666560,"6' 1""",220,32,DH,R,R
88,456078,"5' 10""",220,31,C,R,R
89,608577,"6' 4""",215,23,RF,L,L
90,594828,"6' 4""",270,32,C,R,R
91,547379,"5' 11""",220,29,C,R,R
92,571830,"6' 1""",255,27,1B,R,R
93,457787,"6' 0""",205,31,SS,S,R
94,461314,"6' 4""",210,34,LF,R,R
95,596847,"6' 1""",230,27,1B,L,R
96,502054,"6' 1""",210,30,CF,R,R
97,475582,"6' 3""",215,34,1B,R,R
98,607680,"6' 0""",205,29,CF,R,R
99,425902,"5' 11""",275,34,1B,L,R
100,572816,"6' 1""",200,29,LF,L,R
101,571875,"6' 3""",215,27,3B,L,R
102,518595,"6' 2""",210,29,C,R,R
103,519058,"6' 0""",225,30,3B,L,R
104,405395,"6' 3""",240,38,1B,R,R
105,572204,"6' 3""",217,27,RF,R,R
106,460576,"6' 3""",220,32,RF,R,R
107,592206,"6' 4""",203,26,RF,R,R
108,592620,"6' 4""",227,29,LF,L,L
109,524968,"6' 3""",235,28,1B,R,R
110,475174,"6' 1""",230,31,1B,L,R
111,467092,"6' 1""",245,31,C,R,R
112,435063,"6' 1""",225,36,1B,R,R
113,429711,"6' 2""",200,35,CF,R,R
114,664023,"6' 0""",205,24,CF,S,R
115,628356,"6' 0""",210,31,3B,R,R
116,571757,"6' 3""",190,31,LF,L,R
117,457705,"5' 11""",195,31,RF,R,R
118,521692,"6' 4""",240,28,C,R,R
119,519203,"6' 3""",240,29,1B,L,L
120,595281,"6' 1""",215,28,CF,L,R
121,607776,"6' 4""",237,28,RF,R,R
122,457454,"6' 4""",235,33,C,S,R
123,608700,"6' 2""",210,27,C,R,R
124,545350,"6' 4""",220,27,CF,R,R
125,545341,"6' 1""",205,27,RF,R,R
126,624577,"6' 2""",240,27,RF,R,R
127,543590,"6' 3""",225,31,RF,L,R
128,457727,"6' 3""",215,31,LF,R,R
129,452234,"6' 3""",210,36,RF,L,L
130,542455,"6' 0""",225,27,LF,L,R
131,477165,"6' 2""",250,32,1B,L,R
132,572761,"6' 3""",205,32,3B,L,R
133,572191,"6' 4""",212,27,CF,R,R
134,516782,"6' 1""",190,29,CF,R,R
135,640461,"6' 2""",195,26,LF,R,R
136,519237,"6' 2""",260,30,C,R,R
137,570256,"6' 5""",235,27,RF,L,L
138,621566,"6' 5""",230,24,1B,L,R
139,640449,"6' 1""",190,24,LF,R,R
140,518735,"6' 1""",235,29,C,S,R
141,451713,"6' 5""",260,31,LF,L,L
142,542921,"6' 1""",205,28,3B,R,R
143,453943,"6' 3""",220,32,3B,R,R
144,518618,"6' 0""",205,29,LF,L,R
145,458015,"6' 2""",220,35,1B,L,R
146,467793,"5' 11""",210,32,1B,S,R
147,453064,"6' 3""",205,33,SS,R,R
148,594988,"6' 0""",228,28,RF,L,R
149,594807,"6' 1""",215,30,LF,R,R
150,453568,"6' 3""",210,32,CF,L,L
151,571431,"6' 3""",245,30,1B,L,R
152,572128,"6' 3""",230,27,LF,R,R
153,452239,"6' 4""",225,34,OF,R,R
154,596059,"5' 11""",195,24,2B,L,R
155,425834,"6' 3""",185,34,LF,R,R
156,595885,"6' 4""",220,25,1B,L,R
157,431145,"5' 10""",205,35,C,R,R
158,429667,"6' 4""",250,38,1B,L,L
159,596115,"6' 1""",210,25,SS,R,R
160,656305,"6' 0""",210,25,3B,R,R
161,596103,"6' 2""",197,25,LF,R,R
162,453211,"6' 4""",205,34,CF,R,R
163,592609,"6' 2""",210,30,3B,R,R
164,434604,"6' 5""",245,36,LF,R,R
165,519222,"6' 1""",220,29,C,R,R
166,425783,"5' 11""",210,36,RF,L,L
167,461416,"6' 3""",205,35,RF,L,L
168,596146,"6' 4""",205,25,RF,L,L
169,516770,"6' 2""",230,28,2B,R,R
170,546318,"5' 11""",205,26,CF,L,R
171,592273,"6' 2""",210,26,3B,R,R
172,455117,"6' 0""",230,32,C,R,R
173,592192,"6' 2""",210,29,CF,R,R
174,643603,"5' 11""",225,27,1B,R,R
175,518466,"6' 5""",235,29,RF,R,R
176,571761,"6' 1""",205,28,OF,L,L
177,592122,"6' 2""",220,27,1B,R,R
178,150212,"6' 2""",220,39,RF,R,R
179,660162,"6' 2""",205,23,2B,S,R
180,543434,"6' 0""",210,28,3B,R,R
181,458675,"6' 2""",195,32,RF,L,L
182,502317,"6' 1""",220,33,LF,R,R
183,527043,"6' 1""",220,27,1B,R,R
184,594694,"5' 11""",200,26,2B,S,R
185,501647,"5' 11""",220,29,1B,R,R
186,506747,"6' 2""",230,28,C,R,R
187,543228,"6' 2""",215,31,C,R,R
188,656555,"6' 4""",225,25,LF,R,R
189,607387,"6' 2""",205,28,LF,R,R
190,466320,"5' 10""",210,34,RF,S,L
191,571771,"5' 11""",200,27,CF,R,R
192,456715,"6' 2""",205,32,CF,R,R
193,446481,"6' 0""",200,33,2B,R,R
194,543105,"6' 3""",235,28,LF,L,L
195,430605,"6' 0""",185,37,OF,R,R
196,596748,"6' 1""",215,26,3B,R,R
197,517369,"6' 0""",220,28,2B,R,R
198,598265,"5' 10""",200,28,CF,L,R
199,460026,"6' 0""",203,35,C,R,R
200,573131,"6' 3""",250,32,1B,R,R
201,519208,"6' 5""",240,33,1B,L,L
202,430001,"6' 0""",210,36,2B,R,R
203,607208,"6' 2""",185,25,SS,R,R
204,452104,"6' 2""",215,34,3B,S,R
205,592836,"6' 4""",235,26,P,R,R
206,500874,"6' 6""",215,30,1B,R,R
207,592621,"6' 0""",205,29,RF,R,R
208,446334,"6' 1""",215,32,3B,R,R
209,553993,"5' 11""",213,27,3B,R,R
210,518792,"6' 5""",240,29,RF,L,L
211,592663,"6' 1""",210,27,C,R,R
212,605141,"5' 9""",180,26,RF,R,R
213,517370,"6' 3""",200,29,RF,S,R
214,544925,"6' 2""",210,31,CF,L,L
215,605131,"5' 10""",190,28,C,R,R
216,518934,"6' 4""",215,30,2B,R,R
217,136860,"6' 1""",215,41,CF,S,R
218,516416,"5' 10""",205,28,SS,R,R
219,649557,"6' 1""",195,28,SS,R,R
220,449181,"6' 2""",215,32,CF,R,R
221,457803,"6' 3""",225,31,RF,L,L
222,542340,"6' 1""",215,27,2B,S,R
223,488810,"5' 11""",215,32,C,R,R
224,450317,"6' 1""",210,32,C,R,R
225,519390,"6' 0""",225,33,C,L,R
226,572114,"5' 9""",180,30,3B,L,R
227,519346,"6' 0""",210,31,1B,L,R
228,425509,"6' 2""",225,36,SS,R,R
229,523253,"6' 1""",205,31,2B,R,R
230,543038,"6' 2""",205,31,SS,R,R
231,460086,"6' 1""",225,34,LF,L,R
232,546991,"6' 2""",190,24,CF,R,R
233,572039,"6' 3""",210,27,RF,R,R
234,444843,"6' 2""",210,36,RF,L,L
235,547982,"6' 2""",200,30,CF,L,R
236,571553,"6' 1""",220,28,LF,L,L
237,475253,"6' 4""",220,31,1B,S,L
238,570615,"6' 7""",260,27,RF,L,R
239,543308,"6' 2""",230,29,1B,R,R
240,571980,"6' 2""",195,27,RF,L,R
241,456781,"5' 10""",205,30,2B,R,R
242,519345,"6' 2""",200,30,1B,S,R
243,435064,"6' 0""",230,35,C,R,R
244,606466,"6' 1""",165,24,2B,S,R
245,429666,"6' 1""",200,36,SS,R,R
246,572019,"6' 4""",210,30,1B,L,R
247,572233,"6' 0""",220,27,1B,R,R
248,502029,"6' 3""",229,30,OF,R,R
249,471083,"5' 11""",221,35,C,L,R
250,542194,"6' 2""",213,27,C,R,R
251,543305,"6' 1""",202,29,CF,S,R
252,499624,"6' 4""",210,34,1B,R,R
253,605512,"6' 0""",210,28,LF,L,L
254,430637,"6' 1""",200,36,2B,L,R
255,514888,"5' 6""",165,28,2B,R,R
256,621439,"6' 2""",190,24,CF,R,R
257,502082,"6' 2""",190,30,RF,L,R
258,456714,"6' 0""",260,32,DH,R,R
259,611177,"5' 9""",205,33,3B,R,R
260,594777,"5' 10""",200,30,RF,L,L
261,592808,"5' 9""",192,26,LF,L,R
262,598284,"6' 4""",235,28,LF,R,R
263,488721,"6' 1""",175,31,CF,R,R
264,407893,"6' 3""",225,38,1B,S,R
265,543685,"6' 1""",200,28,3B,R,R
266,465674,"6' 0""",180,33,2B,R,R
267,476633,"6' 1""",220,30,1B,L,L
268,608596,"6' 1""",220,27,C,R,R
269,542994,"6' 2""",220,32,LF,R,R
270,606192,"6' 2""",180,25,LF,R,R
271,502210,"6' 2""",195,31,RF,L,R
272,425784,"5' 10""",215,35,C,R,R
273,605204,"6' 3""",225,25,3B,R,R
274,620439,"5' 10""",190,22,2B,R,R
275,435062,"5' 11""",220,35,2B,R,R
276,518649,"6' 4""",215,29,CF,R,R
277,488771,"6' 3""",215,31,C,L,R
278,501571,"6' 1""",215,29,CF,R,R
279,475247,"6' 3""",220,32,3B,L,R
280,519333,"6' 0""",200,29,RF,R,R
281,543742,"6' 4""",225,31,1B,R,R
282,489232,"6' 2""",240,35,C,R,R
283,134181,"5' 11""",220,39,3B,R,R
284,543484,"6' 1""",216,28,CF,R,R
285,456665,"5' 11""",200,35,1B,R,R
286,607369,"6' 2""",224,29,RF,R,R
287,434158,"6' 1""",200,37,LF,L,R
288,605137,"6' 4""",235,26,1B,S,R
289,574847,"6' 2""",220,29,3B,R,R
290,571437,"6' 5""",215,27,CF,R,R
291,459431,"6' 4""",225,31,OF,L,R
292,571697,"5' 10""",185,28,2B,L,R
293,400121,"6' 2""",235,39,DH,S,R
294,643217,"5' 10""",170,24,LF,L,L
295,646240,"6' 0""",237,21,3B,L,R
296,666561,"6' 0""",215,31,3B,R,R
297,502188,"6' 5""",240,33,P,R,R
298,461858,"6' 2""",215,32,3B,R,R
299,572122,"6' 0""",210,30,3B,L,R
300,489138,"6' 2""",220,31,1B,R,R
301,488671,"5' 11""",210,31,C,L,R
302,518960,"6' 0""",200,32,C,R,R
303,457775,"6' 2""",210,31,CF,R,R
304,425772,"6' 0""",205,35,C,R,R
305,453056,"6' 1""",195,35,CF,L,L
306,500871,"5' 10""",185,29,3B,S,R
307,459964,"6' 2""",205,34,LF,L,R
308,547957,"6' 2""",210,30,RF,L,R
309,572008,"5' 10""",185,27,2B,R,R
310,472528,"5' 10""",215,32,3B,L,R
311,571448,"6' 2""",205,27,3B,R,R
312,503556,"6' 1""",205,29,LF,S,R
313,501896,"6' 2""",220,35,3B,R,R
314,545358,"5' 10""",200,27,C,R,R
315,346874,"6' 0""",245,39,SS,R,R
316,431151,"6' 0""",205,35,3B,R,R
317,407781,"6' 0""",245,41,CF,R,R
318,576397,"5' 10""",215,30,3B,R,R
319,435522,"6' 3""",210,33,1B,S,R
320,592789,"6' 6""",240,26,P,L,R
321,542583,"6' 3""",250,28,1B,R,R
322,451594,"6' 5""",195,32,RF,S,R
323,489305,"6' 0""",215,31,1B,R,R
324,595978,"6' 1""",206,26,C,R,R
325,572138,"6' 2""",230,27,1B,L,L
326,446653,"6' 1""",205,33,C,S,R
327,621446,"6' 3""",195,24,CF,R,R
328,434567,"6' 1""",225,35,C,R,R
329,572180,"6' 1""",215,28,C,R,R
330,462101,"6' 0""",200,30,SS,R,R
331,519025,"6' 3""",220,30,3B,R,R
332,543510,"6' 3""",225,28,C,R,R
333,543063,"6' 2""",227,31,SS,L,R
334,502517,"6' 1""",221,33,2B,L,R
335,457763,"6' 1""",210,31,C,R,R
336,596144,"6' 1""",210,25,3B,R,R
337,446308,"6' 5""",235,32,C,S,R
338,592230,"6' 3""",225,26,SS,S,R
339,474832,"6' 4""",235,30,1B,L,L
340,572669,"6' 4""",220,28,CF,R,R
341,453923,"5' 10""",187,34,CF,L,L
342,465041,"6' 1""",210,32,C,R,R
343,570560,"5' 11""",185,26,3B,S,R
344,457759,"5' 11""",205,33,3B,R,R
345,458731,"5' 11""",195,35,LF,L,L
346,547179,"6' 3""",217,26,P,R,R
347,408314,"6' 0""",195,35,3B,S,R
348,571970,"6' 0""",210,28,1B,L,R
349,516809,"6' 2""",230,28,OF,R,R
350,408236,"6' 2""",215,36,1B,L,L
351,605125,"6' 1""",205,28,OF,L,R
352,543401,"5' 11""",195,31,2B,L,R
353,453562,"6' 4""",225,32,P,R,R
354,641313,"6' 1""",185,25,SS,R,R
355,467827,"5' 11""",210,31,LF,L,L
356,591741,"6' 3""",240,25,3B,R,R
357,607054,"6' 0""",215,28,3B,L,R
358,500208,"5' 11""",205,31,3B,S,R
359,592261,"5' 9""",200,26,CF,R,R
360,400284,"6' 1""",195,39,2B,L,R
361,455976,"6' 1""",210,34,RF,L,L
362,456488,"6' 0""",195,31,2B,R,R
363,434658,"5' 10""",195,37,CF,R,R
364,570482,"6' 0""",215,26,3B,R,R
365,448605,"6' 1""",210,36,CF,R,R
366,408307,"6' 2""",230,37,LF,L,L
367,593647,"6' 2""",205,26,RF,L,L
368,430404,"6' 1""",230,37,LF,R,R
369,571745,"6' 2""",215,27,RF,R,R
370,434563,"5' 10""",215,39,C,R,R
371,493329,"6' 0""",190,34,1B,R,R
372,455139,"6' 1""",210,34,C,R,R
373,572821,"5' 11""",200,31,2B,R,R
374,430321,"6' 3""",240,33,RF,R,R
375,581527,"5' 9""",190,27,2B,R,R
376,621559,"5' 10""",185,25,SS,S,R
377,425560,"6' 2""",205,38,1B,L,L
378,624507,"6' 2""",221,24,3B,L,R
379,607223,"6' 4""",275,25,1B,L,L
380,491696,"6' 0""",200,30,C,R,R
381,642156,"6' 2""",220,26,C,R,R
382,544369,"6' 3""",205,28,SS,L,R
383,606115,"6' 0""",165,24,SS,R,R
384,593160,"6' 0""",195,29,2B,R,R
385,594809,"5' 9""",176,29,RF,L,L
386,116338,"6' 2""",220,43,CF,R,R
387,592200,"6' 3""",235,29,C,R,R
388,425796,"6' 4""",225,34,RF,R,R
389,501983,"6' 0""",235,30,RF,L,L
390,571718,"6' 0""",200,27,CF,L,R
391,425557,"6' 2""",220,37,2B,R,R
392,408252,"6' 0""",211,37,2B,R,R
393,608385,"6' 3""",215,25,RF,L,L
394,430611,"6' 6""",240,36,RF,R,R
395,605233,"6' 3""",205,25,CF,L,R
396,640447,"5' 10""",207,26,RF,R,R
397,408045,"6' 5""",225,35,1B,L,R
398,460026,"6' 0""",203,35,C,R,R
399,573131,"6' 3""",250,32,1B,R,R
400,519208,"6' 5""",240,33,1B,L,L
401,430001,"6' 0""",210,36,2B,R,R
402,607208,"6' 2""",185,25,SS,R,R
403,452104,"6' 2""",215,34,3B,S,R
404,592836,"6' 4""",235,26,P,R,R
405,500874,"6' 6""",215,30,1B,R,R
406,592621,"6' 0""",205,29,RF,R,R
407,446334,"6' 1""",215,32,3B,R,R
408,553993,"5' 11""",213,27,3B,R,R
409,518792,"6' 5""",240,29,RF,L,L
410,592663,"6' 1""",210,27,C,R,R
411,605141,"5' 9""",180,26,RF,R,R
412,517370,"6' 3""",200,29,RF,S,R
413,544925,"6' 2""",210,31,CF,L,L
414,605131,"5' 10""",190,28,C,R,R
415,518934,"6' 4""",215,30,2B,R,R
416,136860,"6' 1""",215,41,CF,S,R
417,516416,"5' 10""",205,28,SS,R,R
418,649557,"6' 1""",195,28,SS,R,R
419,449181,"6' 2""",215,32,CF,R,R
420,457803,"6' 3""",225,31,RF,L,L
421,542340,"6' 1""",215,27,2B,S,R
422,488810,"5' 11""",215,32,C,R,R
423,450317,"6' 1""",210,32,C,R,R
424,519390,"6' 0""",225,33,C,L,R
425,572114,"5' 9""",180,30,3B,L,R
426,519346,"6' 0""",210,31,1B,L,R
427,425509,"6' 2""",225,36,SS,R,R
428,523253,"6' 1""",205,31,2B,R,R
429,543038,"6' 2""",205,31,SS,R,R
430,460086,"6' 1""",225,34,LF,L,R
431,546991,"6' 2""",190,24,CF,R,R
432,572039,"6' 3""",210,27,RF,R,R
433,444843,"6' 2""",210,36,RF,L,L
434,547982,"6' 2""",200,30,CF,L,R
435,571553,"6' 1""",220,28,LF,L,L
436,475253,"6' 4""",220,31,1B,S,L
437,570615,"6' 7""",260,27,RF,L,R
438,543308,"6' 2""",230,29,1B,R,R
439,571980,"6' 2""",195,27,RF,L,R
440,456781,"5' 10""",205,30,2B,R,R
441,519345,"6' 2""",200,30,1B,S,R
442,435064,"6' 0""",230,35,C,R,R
443,606466,"6' 1""",165,24,2B,S,R
444,429666,"6' 1""",200,36,SS,R,R
445,572019,"6' 4""",210,30,1B,L,R
446,572233,"6' 0""",220,27,1B,R,R
447,502029,"6' 3""",229,30,OF,R,R
448,471083,"5' 11""",221,35,C,L,R
449,542194,"6' 2""",213,27,C,R,R
450,543305,"6' 1""",202,29,CF,S,R
451,499624,"6' 4""",210,34,1B,R,R
452,605512,"6' 0""",210,28,LF,L,L
453,430637,"6' 1""",200,36,2B,L,R
454,514888,"5' 6""",165,28,2B,R,R
455,621439,"6' 2""",190,24,CF,R,R
456,502082,"6' 2""",190,30,RF,L,R
457,456714,"6' 0""",260,32,DH,R,R
458,611177,"5' 9""",205,33,3B,R,R
459,594777,"5' 10""",200,30,RF,L,L
460,592808,"5' 9""",192,26,LF,L,R
461,598284,"6' 4""",235,28,LF,R,R
462,488721,"6' 1""",175,31,CF,R,R
463,407893,"6' 3""",225,38,1B,S,R
464,543685,"6' 1""",200,28,3B,R,R
465,465674,"6' 0""",180,33,2B,R,R
466,476633,"6' 1""",220,30,1B,L,L
467,608596,"6' 1""",220,27,C,R,R
468,542994,"6' 2""",220,32,LF,R,R
469,606192,"6' 2""",180,25,LF,R,R
470,502210,"6' 2""",195,31,RF,L,R
471,425784,"5' 10""",215,35,C,R,R
472,605204,"6' 3""",225,25,3B,R,R
473,620439,"5' 10""",190,22,2B,R,R
474,435062,"5' 11""",220,35,2B,R,R
475,518649,"6' 4""",215,29,CF,R,R
476,488771,"6' 3""",215,31,C,L,R
477,501571,"6' 1""",215,29,CF,R,R
478,475247,"6' 3""",220,32,3B,L,R
479,519333,"6' 0""",200,29,RF,R,R
480,543742,"6' 4""",225,31,1B,R,R
481,489232,"6' 2""",240,35,C,R,R
482,134181,"5' 11""",220,39,3B,R,R
483,543484,"6' 1""",216,28,CF,R,R
484,456665,"5' 11""",200,35,1B,R,R
485,607369,"6' 2""",224,29,RF,R,R
486,434158,"6' 1""",200,37,LF,L,R
487,605137,"6' 4""",235,26,1B,S,R
488,574847,"6' 2""",220,29,3B,R,R
489,571437,"6' 5""",215,27,CF,R,R
490,459431,"6' 4""",225,31,OF,L,R
491,571697,"5' 10""",185,28,2B,L,R
492,400121,"6' 2""",235,39,DH,S,R
493,643217,"5' 10""",170,24,LF,L,L
494,646240,"6' 0""",237,21,3B,L,R
495,666561,"6' 0""",215,31,3B,R,R
496,502188,"6' 5""",240,33,P,R,R
497,461858,"6' 2""",215,32,3B,R,R
498,572122,"6' 0""",210,30,3B,L,R
499,489138,"6' 2""",220,31,1B,R,R
500,488671,"5' 11""",210,31,C,L,R
501,518960,"6' 0""",200,32,C,R,R
502,457775,"6' 2""",210,31,CF,R,R
503,425772,"6' 0""",205,35,C,R,R
504,453056,"6' 1""",195,35,CF,L,L
505,500871,"5' 10""",185,29,3B,S,R
506,459964,"6' 2""",205,34,LF,L,R
507,547957,"6' 2""",210,30,RF,L,R
508,572008,"5' 10""",185,27,2B,R,R
509,472528,"5' 10""",215,32,3B,L,R
510,571448,"6' 2""",205,27,3B,R,R
511,503556,"6' 1""",205,29,LF,S,R
512,501896,"6' 2""",220,35,3B,R,R
513,545358,"5' 10""",200,27,C,R,R
514,346874,"6' 0""",245,39,SS,R,R
515,431151,"6' 0""",205,35,3B,R,R
516,407781,"6' 0""",245,41,CF,R,R
517,576397,"5' 10""",215,30,3B,R,R
518,435522,"6' 3""",210,33,1B,S,R
519,592789,"6' 6""",240,26,P,L,R
520,542583,"6' 3""",250,28,1B,R,R
521,451594,"6' 5""",195,32,RF,S,R
522,489305,"6' 0""",215,31,1B,R,R
523,595978,"6' 1""",206,26,C,R,R
524,572138,"6' 2""",230,27,1B,L,L
525,446653,"6' 1""",205,33,C,S,R
526,621446,"6' 3""",195,24,CF,R,R
527,434567,"6' 1""",225,35,C,R,R
528,572180,"6' 1""",215,28,C,R,R
529,462101,"6' 0""",200,30,SS,R,R
530,519025,"6' 3""",220,30,3B,R,R
531,543510,"6' 3""",225,28,C,R,R
532,543063,"6' 2""",227,31,SS,L,R
533,502517,"6' 1""",221,33,2B,L,R
534,457763,"6' 1""",210,31,C,R,R
535,596144,"6' 1""",210,25,3B,R,R
536,446308,"6' 5""",235,32,C,S,R
537,592230,"6' 3""",225,26,SS,S,R
538,474832,"6' 4""",235,30,1B,L,L
539,572669,"6' 4""",220,28,CF,R,R
540,453923,"5' 10""",187,34,CF,L,L
541,465041,"6' 1""",210,32,C,R,R
542,570560,"5' 11""",185,26,3B,S,R
543,457759,"5' 11""",205,33,3B,R,R
544,458731,"5' 11""",195,35,LF,L,L
545,547179,"6' 3""",217,26,P,R,R
546,408314,"6' 0""",195,35,3B,S,R
547,571970,"6' 0""",210,28,1B,L,R
548,516809,"6' 2""",230,28,OF,R,R
549,408236,"6' 2""",215,36,1B,L,L
550,605125,"6' 1""",205,28,OF,L,R
551,543401,"5' 11""",195,31,2B,L,R
552,453562,"6' 4""",225,32,P,R,R
553,641313,"6' 1""",185,25,SS,R,R
554,467827,"5' 11""",210,31,LF,L,L
555,591741,"6' 3""",240,25,3B,R,R
556,607054,"6' 0""",215,28,3B,L,R
557,500208,"5' 11""",205,31,3B,S,R
558,592261,"5' 9""",200,26,CF,R,R
559,400284,"6' 1""",195,39,2B,L,R
560,455976,"6' 1""",210,34,RF,L,L
561,456488,"6' 0""",195,31,2B,R,R
562,434658,"5' 10""",195,37,CF,R,R
563,570482,"6' 0""",215,26,3B,R,R
564,448605,"6' 1""",210,36,CF,R,R
565,408307,"6' 2""",230,37,LF,L,L
566,593647,"6' 2""",205,26,RF,L,L
567,430404,"6' 1""",230,37,LF,R,R
568,571745,"6' 2""",215,27,RF,R,R
569,434563,"5' 10""",215,39,C,R,R
570,493329,"6' 0""",190,34,1B,R,R
571,455139,"6' 1""",210,34,C,R,R
572,572821,"5' 11""",200,31,2B,R,R
573,430321,"6' 3""",240,33,RF,R,R
574,581527,"5' 9""",190,27,2B,R,R
575,621559,"5' 10""",185,25,SS,S,R
576,425560,"6' 2""",205,38,1B,L,L
577,624507,"6' 2""",221,24,3B,L,R
578,607223,"6' 4""",275,25,1B,L,L
579,491696,"6' 0""",200,30,C,R,R
580,642156,"6' 2""",220,26,C,R,R
581,544369,"6' 3""",205,28,SS,L,R
582,606115,"6' 0""",165,24,SS,R,R
583,593160,"6' 0""",195,29,2B,R,R
584,594809,"5' 9""",176,29,RF,L,L
585,116338,"6' 2""",220,43,CF,R,R
586,592200,"6' 3""",235,29,C,R,R
587,425796,"6' 4""",225,34,RF,R,R
588,501983,"6' 0""",235,30,RF,L,L
589,571718,"6' 0""",200,27,CF,L,R
590,425557,"6' 2""",220,37,2B,R,R
591,408252,"6' 0""",211,37,2B,R,R
592,608385,"6' 3""",215,25,RF,L,L
593,430611,"6' 6""",240,36,RF,R,R
594,605233,"6' 3""",205,25,CF,L,R
595,640447,"5' 10""",207,26,RF,R,R
596,408045,"6' 5""",225,35,1B,L,R
597,542454,"5' 11""",185,27,CF,S,R
598,605486,"6' 0""",195,27,3B,L,R
599,571812,"6' 3""",255,30,1B,R,L
600,452655,"6' 0""",210,34,LF,L,L
601,429713,"6' 2""",205,36,CF,L,L
602,543760,"6' 0""",195,28,SS,R,R
603,571681,"6' 0""",160,27,CF,L,L
604,488726,"6' 2""",200,31,LF,L,L
605,572041,"6' 1""",195,30,CF,R,R
606,444489,"6' 0""",215,31,C,R,R
607,474319,"6' 2""",225,31,1B,R,R
608,485567,"5' 11""",185,31,LF,L,L
609,543302,"6' 0""",200,30,C,L,R
610,573135,"6' 0""",200,29,SS,R,R
611,595386,"6' 1""",260,30,1B,R,R
612,150229,"6' 3""",250,41,C,L,R
613,501659,"5' 9""",210,29,CF,S,R
614,607043,"6' 3""",207,25,CF,L,R
615,456121,"6' 0""",195,38,OF,R,R
616,642086,"6' 0""",239,23,1B,L,L
617,608070,"5' 9""",165,26,3B,S,R
618,516949,"6' 1""",255,28,C,S,R
619,408047,"6' 4""",220,37,1B,L,R
620,641553,"6' 2""",210,26,CF,R,R
621,621035,"6' 1""",195,28,SS,R,R
622,622194,"6' 1""",250,27,C,L,R
623,547170,"6' 3""",230,26,LF,L,R
624,545338,"6' 1""",190,27,2B,S,R
625,608384,"6' 3""",195,25,RF,L,L
626,458085,"6' 0""",195,33,LF,L,R
627,452035,"6' 6""",265,32,1B,R,R
628,570481,"6' 3""",195,27,2B,R,R
629,592685,"6' 1""",200,26,CF,L,R
630,657557,"6' 1""",195,25,SS,R,R
631,133380,"6' 1""",205,40,3B,R,R
632,592696,"6' 1""",180,27,LF,L,R
633,453269,"6' 4""",225,33,RF,L,L
634,608701,"6' 0""",200,27,LF,R,R
635,596119,"6' 1""",200,26,C,S,R
636,624414,"6' 1""",180,23,3B,R,R
637,592325,"5' 11""",185,26,LF,L,L
638,424825,"5' 10""",185,38,CF,S,R
639,488862,"6' 2""",215,35,3B,R,R
640,493193,"6' 4""",250,36,1B,R,R
641,435559,"5' 11""",210,35,C,R,R
642,607345,"6' 4""",230,30,C,R,R
643,475100,"6' 4""",215,32,LF,R,R
644,452220,"6' 0""",200,35,SS,L,R
645,425766,"6' 3""",235,34,1B,L,L
646,622666,"6' 0""",195,24,3B,S,R
647,519083,"6' 0""",235,29,C,R,R
648,424325,"6' 2""",230,41,C,R,R
649,607385,"5' 11""",215,28,OF,L,L
650,605412,"6' 1""",200,27,2B,L,R
651,527038,"6' 3""",205,27,1B,R,R
652,543877,"5' 9""",195,28,C,R,R
653,450314,"6' 3""",210,37,2B,S,R
654,543376,"6' 3""",180,32,C,R,R
655,608703,"6' 1""",200,27,SS,R,R
656,552662,"6' 2""",220,29,RF,R,R
657,462564,"5' 11""",210,38,2B,R,R
658,425900,"5' 9""",215,34,C,S,R
659,451109,"6' 1""",210,34,C,R,R
660,572863,"6' 0""",200,31,C,R,R
661,425844,"6' 2""",200,34,P,R,R
662,455759,"6' 2""",200,35,RF,R,R
663,520471,"5' 10""",185,28,SS,S,R
664,489267,"6' 2""",200,35,2B,R,R
665,435263,"6' 3""",225,34,C,L,R
666,622534,"5' 11""",180,24,CF,R,R
667,543257,"6' 0""",215,29,RF,S,L
668,628329,"5' 9""",195,31,OF,R,R
669,518577,"5' 9""",190,32,CF,R,L
670,628338,"5' 10""",180,27,LF,R,L
671,433217,"5' 10""",192,34,2B,S,R
672,445988,"6' 0""",215,34,3B,R,R
673,446386,"6' 2""",200,32,RF,R,R
674,541650,"6' 1""",215,27,2B,R,R
675,621002,"5' 11""",200,24,2B,R,R
676,547004,"6' 1""",215,24,3B,L,R
677,444379,"6' 2""",202,35,RF,L,R
678,572228,"6' 3""",225,27,1B,R,R
679,600301,"6' 1""",195,29,SS,R,R
680,572033,"5' 10""",230,30,C,R,R
681,571868,"6' 2""",245,31,1B,L,R
682,622110,"6' 2""",170,27,3B,R,R
683,592647,"6' 2""",195,25,RF,S,R
684,474568,"6' 3""",210,32,SS,R,R
685,425877,"5' 11""",205,36,C,R,R
686,588751,"6' 0""",195,29,SS,R,R
687,605357,"6' 2""",205,29,C,R,R
688,542942,"6' 2""",210,28,C,R,R
689,518953,"5' 10""",175,32,OF,L,L
690,544725,"5' 8""",180,27,LF,S,R
691,595777,"6' 0""",190,25,SS,S,R
692,543939,"5' 9""",185,27,2B,L,R
693,503449,"6' 1""",255,29,P,R,R
694,474233,"6' 2""",220,30,C,L,R
695,476704,"6' 0""",180,34,2B,S,R
696,648717,"6' 1""",220,31,LF,R,R
697,460269,"6' 2""",230,35,C,R,R
698,434538,"6' 3""",218,34,P,L,L
699,543238,"6' 1""",190,28,P,L,L
700,493351,"6' 2""",180,37,SS,R,R
701,454560,"6' 2""",225,37,C,R,R
702,605227,"6' 1""",185,28,2B,R,R
703,493472,"6' 3""",215,31,1B,R,R
704,593871,"5' 11""",200,25,SS,S,R
705,457706,"6' 1""",198,31,CF,R,R
706,425794,"6' 7""",235,37,P,R,R
707,452678,"6' 0""",205,32,2B,S,R
708,592743,"6' 2""",200,29,SS,R,R
709,460099,"6' 4""",205,34,LF,R,R
710,642162,"5' 11""",200,26,3B,R,R
711,518614,"5' 10""",190,31,3B,L,R
712,592407,"6' 0""",205,30,C,R,R
713,595284,"6' 1""",195,26,C,S,R
714,431171,"6' 1""",220,35,3B,R,R
715,493596,"6' 0""",190,32,2B,R,R
716,591994,"6' 2""",215,26,RF,R,R
717,621020,"6' 1""",190,24,SS,R,R
718,477195,"6' 4""",220,31,1B,L,L
719,506924,"6' 0""",215,31,LF,R,R
720,506433,"6' 5""",220,32,P,R,R
721,435079,"6' 0""",200,36,2B,R,R
722,595963,"6' 4""",180,25,LF,R,R
723,506702,"5' 10""",225,29,C,S,R
724,571788,"5' 10""",180,30,2B,L,R
725,519068,"6' 0""",210,32,1B,L,L
726,578428,"5' 11""",194,28,SS,R,R
727,605113,"6' 2""",195,28,SS,R,R
728,431094,"5' 11""",200,36,2B,R,R
729,456422,"5' 11""",190,35,CF,L,R
730,519299,"5' 9""",180,32,2B,L,R
731,571974,"5' 11""",205,27,C,R,R
732,600869,"6' 1""",221,24,3B,S,R
733,502126,"6' 5""",225,31,OF,L,L
734,502205,"6' 3""",180,31,2B,R,R
735,461815,"6' 3""",210,36,LF,L,L
736,592351,"6' 4""",235,26,P,R,R
737,519295,"5' 11""",205,29,CF,R,R
738,474494,"5' 10""",185,31,2B,R,R
739,592592,"6' 2""",220,30,C,L,R
740,606299,"6' 0""",196,24,SS,R,R
741,444876,"6' 1""",205,31,SS,R,R
742,537953,"5' 10""",195,35,LF,S,L
743,446359,"6' 0""",205,33,3B,R,R
744,572182,"6' 1""",205,27,LF,S,R
745,460055,"6' 6""",235,34,LF,R,R
746,656669,"6' 1""",195,25,RF,R,R
747,542908,"6' 4""",235,28,C,R,R
748,514917,"5' 10""",160,28,2B,S,R
749,488681,"6' 2""",210,32,CF,R,R
750,457477,"6' 0""",195,34,OF,L,L
751,434636,"6' 2""",200,37,LF,S,R
752,570799,"5' 11""",210,27,3B,R,R
753,541608,"5' 8""",195,28,C,S,R
754,430203,"5' 11""",190,38,CF,L,L
755,451089,"6' 0""",225,30,RF,L,L
756,276519,"5' 7""",175,39,SS,S,R
757,621433,"6' 0""",185,24,RF,L,R
758,624428,"5' 10""",180,26,2B,L,R
759,542436,"6' 0""",185,27,SS,S,R
760,502261,"6' 2""",215,34,OF,R,R
761,605228,"6' 3""",240,26,P,R,R
762,493343,"6' 2""",230,33,LF,R,R
763,542208,"6' 0""",210,27,C,R,R
764,594838,"6' 1""",200,30,2B,R,R
765,502544,"6' 2""",190,31,OF,L,R
766,571912,"6' 3""",225,27,C,R,R
767,519141,"6' 6""",240,29,P,R,L
768,593523,"6' 0""",200,26,3B,L,R
769,506560,"5' 6""",160,29,SS,L,R
770,543216,"6' 1""",195,31,3B,L,R
771,425567,"6' 5""",210,37,RF,R,R
772,519023,"6' 1""",229,30,C,R,R
773,608324,"6' 0""",180,24,3B,R,R
774,642707,"6' 1""",175,22,SS,R,R
775,434540,"6' 5""",235,37,1B,L,L
776,460060,"5' 11""",195,34,2B,S,R
777,518586,"6' 0""",200,29,LF,R,R
778,456030,"5' 9""",175,35,2B,R,R
779,502190,"5' 10""",170,30,P,R,R
780,502374,"5' 10""",205,33,C,R,R
781,600303,"5' 11""",180,29,3B,L,R
782,595375,"6' 1""",180,26,SS,L,R
783,554429,"6' 1""",205,30,OF,L,R
784,572365,"5' 10""",180,30,2B,L,R
785,543432,"6' 4""",240,31,C,R,R
786,642082,"6' 2""",195,23,C,L,R
787,605480,"5' 10""",180,25,CF,L,R
788,594824,"6' 0""",190,29,SS,L,R
789,542642,"6' 0""",230,27,RF,R,R
790,592731,"6' 0""",213,29,LF,R,R
791,543148,"5' 10""",215,31,C,R,R
792,452657,"6' 4""",240,34,P,L,L
793,461865,"6' 1""",200,32,SS,S,R
794,621389,"6' 1""",213,27,P,R,L
795,543281,"5' 8""",185,31,2B,R,R
796,605170,"6' 1""",215,25,C,S,R
797,493114,"5' 9""",180,36,OF,L,R
798,553869,"6' 1""",215,27,C,R,R
799,491676,"6' 1""",196,31,CF,R,R
800,458689,"6' 4""",235,31,1B,R,R
801,596143,"6' 1""",180,25,2B,S,R
802,542255,"5' 11""",190,27,CF,L,L
803,430947,"5' 10""",195,34,SS,S,R
804,543213,"5' 8""",185,31,2B,R,R
805,609275,"6' 1""",190,23,SS,S,R
806,430912,"6' 3""",230,34,P,R,R
807,571841,"6' 0""",180,30,2B,S,R
808,570717,"5' 10""",190,26,OF,L,L
809,571466,"5' 11""",192,27,C,S,R
810,645277,"5' 8""",165,21,2B,S,R
811,430897,"6' 0""",195,37,RF,S,L
812,518542,"5' 9""",195,28,C,L,R
813,592863,"6' 1""",195,27,RF,L,R
814,656185,"6' 0""",175,25,CF,S,R
815,621311,"6' 2""",195,24,RF,L,R
816,488912,"5' 11""",200,35,C,R,R
817,474443,"5' 11""",200,31,2B,R,R
818,488818,"6' 1""",197,31,3B,R,R
819,608671,"6' 2""",185,27,RF,L,R
820,467070,"5' 11""",205,33,2B,S,R
821,599096,"5' 10""",210,24,2B,R,R
822,596057,"6' 2""",185,25,P,L,L
823,519421,"6' 1""",225,30,OF,L,R
824,489365,"6' 1""",205,31,C,L,R
825,502100,"5' 10""",195,33,LF,L,L
826,463610,"5' 10""",200,33,SS,R,R
827,475115,"6' 6""",245,31,P,R,R
828,446381,"5' 10""",180,32,2B,R,R
829,518490,"6' 0""",215,29,LF,R,R
830,475243,"5' 11""",175,31,P,R,L
831,467143,"6' 2""",195,30,3B,R,R
832,571918,"6' 1""",195,28,3B,R,R
833,488852,"6' 5""",215,31,1B,L,R
834,595144,"6' 0""",195,26,CF,L,L
835,669720,"6' 1""",195,23,RF,R,R
836,542993,"5' 9""",170,29,OF,S,R
837,622270,"6' 1""",200,27,2B,R,R
838,543776,"5' 11""",195,31,RF,L,L
839,572073,"6' 1""",185,27,CF,R,L
840,449107,"5' 10""",205,37,SS,R,R
841,641432,"5' 8""",187,23,LF,L,R
842,502582,"6' 1""",200,32,RF,L,L
843,543037,"6' 4""",225,28,P,R,R
844,519168,"6' 7""",240,29,P,R,R
845,519082,"6' 1""",185,29,3B,L,R
846,518568,"5' 10""",185,29,2B,R,R
847,451192,"6' 2""",210,33,1B,L,L
848,460077,"6' 1""",205,35,C,R,R
849,664056,"6' 0""",195,24,RF,R,R
850,592710,"5' 11""",186,29,3B,R,R
851,592444,"6' 2""",201,26,LF,R,R
852,571740,"6' 0""",160,28,CF,S,R
853,595238,"6' 1""",200,27,CF,L,L
854,458913,"5' 10""",195,33,CF,S,R
855,573088,"6' 5""",195,28,CF,R,R
856,408299,"5' 11""",195,36,2B,R,R
857,502226,"6' 2""",190,34,RF,R,R
858,593700,"6' 0""",170,25,2B,S,R
859,642708,"6' 2""",189,22,SS,R,R
860,608061,"6' 1""",203,29,3B,R,R
861,623143,"6' 2""",193,26,C,R,R
862,502182,"5' 10""",210,32,C,L,R
863,501303,"6' 1""",170,29,SS,S,R
864,500743,"5' 11""",195,29,SS,R,R
865,595426,"6' 2""",190,29,1B,L,L
866,502523,"5' 11""",175,30,SS,S,R
867,453539,"5' 9""",180,36,LF,L,L
868,455369,"5' 11""",200,33,2B,S,R
869,502481,"5' 10""",165,34,CF,L,R
870,518774,"6' 4""",215,29,P,R,R
871,544931,"6' 5""",235,30,P,R,R
872,425664,"5' 9""",190,37,CF,S,R
873,591720,"5' 8""",151,26,2B,R,R
874,425549,"6' 1""",200,39,SS,R,R
875,492841,"5' 9""",180,36,2B,S,R
876,595005,"6' 0""",185,30,OF,R,R
877,605183,"6' 2""",200,28,OF,R,R
878,591712,"6' 1""",230,25,C,R,R
879,547172,"5' 10""",200,26,C,L,R
880,543829,"5' 11""",170,30,2B,L,R
881,572788,"6' 2""",220,29,P,R,R
882,570489,"5' 10""",170,26,2B,S,R
883,600474,"6' 1""",219,25,C,R,R
884,400085,"5' 11""",175,44,RF,L,R
885,605509,"6' 2""",171,28,SS,R,R
886,451532,"6' 1""",240,34,P,R,R
887,150359,"6' 4""",230,41,P,R,R
888,501992,"6' 3""",225,30,P,R,R
889,453286,"6' 3""",215,34,P,R,R
890,542963,"6' 1""",195,29,C,L,R
891,502009,"6' 6""",245,30,P,R,R
892,621563,"6' 1""",190,28,2B,L,R
893,543557,"6' 5""",215,29,P,L,L
894,445055,"5' 11""",195,33,RF,L,L
895,641319,"5' 9""",158,26,2B,L,R
896,620446,"6' 0""",185,22,SS,S,R
897,545337,"5' 11""",195,27,SS,L,R
898,519184,"5' 9""",175,30,OF,L,R
899,452672,"6' 0""",225,38,C,R,R
900,643393,"5' 6""",165,26,LF,L,R
901,657077,"6' 0""",205,22,CF,L,L
902,607257,"5' 9""",200,31,C,L,R
903,501800,"6' 2""",215,34,OF,R,R
904,542881,"6' 4""",210,28,P,L,L
905,448802,"6' 2""",215,32,P,L,L
906,573186,"5' 8""",180,27,P,R,R
907,449786,"6' 2""",240,34,C,S,R
908,621471,"5' 10""",185,25,CF,L,L
909,553988,"6' 1""",190,26,2B,R,R
910,553882,"5' 11""",220,26,C,L,R
911,645848,"6' 2""",180,29,P,R,R
912,518653,"5' 10""",180,31,2B,R,R
913,502273,"6' 0""",195,31,SS,L,R
914,218596,"6' 1""",175,43,P,R,R
915,285064,"6' 4""",215,41,P,R,R
916,430652,"5' 9""",195,36,CF,R,R
917,453385,"6' 5""",240,35,P,L,L
918,501986,"5' 11""",200,30,OF,L,L
919,592662,"6' 2""",195,27,P,L,L
920,543734,"6' 2""",195,31,P,L,L
921,593495,"5' 11""",190,25,2B,R,R
922,408242,"5' 11""",190,41,C,R,R
923,112526,"5' 11""",285,45,P,R,R
924,430948,"5' 9""",225,35,3B,S,R
925,408241,"6' 1""",195,37,P,R,R
926,543706,"5' 11""",200,33,2B,R,R
927,455755,"6' 4""",215,36,C,R,R
928,457574,"6' 1""",200,32,C,R,R
929,514913,"5' 11""",200,28,SS,R,R
930,519071,"5' 10""",185,28,2B,S,R
931,452718,"6' 3""",220,34,P,R,R
932,502570,"6' 1""",185,30,C,R,R
933,594902,"6' 4""",190,26,P,R,R
934,592567,"6' 4""",205,26,3B,L,R
935,594798,"6' 4""",180,30,P,L,R
936,468406,"5' 9""",180,33,2B,S,R
937,606132,"6' 2""",180,24,CF,L,L
938,628317,"6' 1""",175,30,P,R,R
939,518902,"6' 0""",190,30,SS,R,R
940,643335,"6' 1""",175,26,CF,L,L
941,595956,"6' 3""",230,25,C,R,R
942,542364,"5' 11""",160,27,LF,L,R
943,456124,"6' 4""",250,38,C,R,R
944,435078,"6' 1""",185,34,3B,R,R
945,453203,"5' 9""",170,33,LF,R,R
946,592419,"6' 3""",205,29,CF,L,R
947,460131,"6' 3""",215,34,LF,L,L
948,608365,"6' 0""",200,24,SS,R,R
949,593428,"6' 1""",210,26,SS,R,R
